IMG_name,center,field[deg],field[arc]
IMG_4603.JPG,"(268.53408239, 8.60761808648)",0.0018763935514360792,6.755016785169885
