field_x,field_y,field_ra,field_dec,index_x,index_y,index_ra,index_dec,index_id,field_id,match_weight,FLUX,BACKGROUND
3898.43017578125,1495.77490234375,113.6575760937058,31.87717141753898,3901.8579767580363,1494.4636726674626,113.65100906851525,31.888852189361828,5,0,0.998770762578517,224.93852,6.57106
4653.6640625,2783.639892578125,107.77422204332859,30.248414736566232,4651.096982039584,2782.6022659727532,107.78495889925217,30.245274732952648,8,4,0.999643250244376,134.91508,5.674759
2939.1875,1734.77294921875,115.82142200921763,28.88806434308347,2937.2741083027995,1734.463587361094,115.82786668387926,28.88404666979524,13,16,0.9998008971150111,145.68767,6.9507446
